sample_id,source_file_id,row_id,label,label_name,condition_id,sensor_id,acc_x,acc_y,acc_z,gyro_x,gyro_y,gyro_z,angle_x,angle_y,angle_z
S00000000,file_0001,0,1,abnormal,condition_00,sensor_00,-0.5516,0.5609,-0.5611,0.0359,0.0499,0.029,0.5298,0.5417,0.6501
S00000001,file_0001,1,1,abnormal,condition_00,sensor_00,-0.5321,0.556,-0.5498,0.0359,0.0499,0.029,0.5298,0.5417,0.6501
S00000002,file_0001,2,1,abnormal,condition_00,sensor_00,-0.4933,0.5462,-0.5633,0.0359,0.0499,0.029,0.5298,0.5417,0.6501
S00000003,file_0001,3,1,abnormal,condition_00,sensor_00,-0.5321,0.5462,-0.5588,0.0359,0.0499,0.029,0.5298,0.5399,0.6501
S00000004,file_0001,4,1,abnormal,condition_00,sensor_00,-0.571,0.5462,-0.5633,0.0359,0.0499,0.029,0.53,0.5399,0.6501
S00000005,file_0001,5,1,abnormal,condition_00,sensor_00,-0.571,0.5511,-0.5611,0.0359,0.0499,0.029,0.53,0.5399,0.6501
S00000006,file_0001,6,1,abnormal,condition_00,sensor_00,-0.5127,0.5462,-0.5521,0.0359,0.0499,0.029,0.53,0.5399,0.6501
S00000007,file_0001,7,1,abnormal,condition_00,sensor_00,-0.5321,0.5511,-0.5656,0.0359,0.0499,0.029,0.53,0.5399,0.6501
S00000008,file_0001,8,1,abnormal,condition_00,sensor_00,-0.5127,0.5363,-0.5543,0.0359,0.0499,0.029,0.53,0.5399,0.6501
S00000009,file_0001,9,1,abnormal,condition_00,sensor_00,-0.5516,0.5462,-0.5656,0.0359,0.0499,0.029,0.5302,0.5399,0.6501
S00000010,file_0001,10,1,abnormal,condition_00,sensor_00,-0.5516,0.5511,-0.5566,0.0359,0.0499,0.029,0.5302,0.5399,0.6501
S00000011,file_0001,11,1,abnormal,condition_00,sensor_00,-0.5321,0.5413,-0.5611,0.0359,0.0499,0.029,0.5302,0.5399,0.6501
S00000012,file_0001,12,1,abnormal,condition_00,sensor_00,-0.5321,0.5413,-0.5678,0.0359,0.0499,0.029,0.5302,0.5399,0.6501
S00000013,file_0001,13,1,abnormal,condition_00,sensor_00,-0.5321,0.5462,-0.5588,0.0359,0.0499,0.029,0.5304,0.5399,0.6501
S00000014,file_0001,14,1,abnormal,condition_00,sensor_00,-0.5516,0.5314,-0.5588,0.0359,0.0499,0.029,0.5304,0.5399,0.6501
S00000015,file_0001,15,1,abnormal,condition_00,sensor_00,-0.5321,0.5413,-0.5633,0.0359,0.0499,0.029,0.5306,0.5399,0.6501
S00000016,file_0001,16,1,abnormal,condition_00,sensor_00,-0.5127,0.5511,-0.5566,0.0359,0.0499,0.029,0.5306,0.5399,0.6501
S00000017,file_0001,17,1,abnormal,condition_00,sensor_00,-0.6099,0.556,-0.5656,0.0359,0.0499,0.029,0.5307,0.5399,0.6501
S00000018,file_0001,18,1,abnormal,condition_00,sensor_00,-0.5516,0.556,-0.5475,0.0359,0.0499,0.029,0.5307,0.5399,0.6501
S00000019,file_0001,19,1,abnormal,condition_00,sensor_00,-0.5516,0.5462,-0.5701,0.0359,0.0499,0.029,0.5307,0.5399,0.6501
S00000020,file_0001,20,1,abnormal,condition_00,sensor_00,-0.5127,0.5511,-0.5588,0.0359,0.0499,0.029,0.5307,0.5399,0.6501
S00000021,file_0001,21,1,abnormal,condition_00,sensor_00,-0.4738,0.5314,-0.5588,0.0359,0.0499,0.029,0.5309,0.5399,0.6501
S00000022,file_0001,22,1,abnormal,condition_00,sensor_00,-0.5516,0.556,-0.5566,0.0359,0.0499,0.029,0.5309,0.5399,0.6501
S00000023,file_0001,23,1,abnormal,condition_00,sensor_00,-0.5516,0.556,-0.5566,0.0359,0.0499,0.029,0.5309,0.5399,0.6501
S00000024,file_0001,24,1,abnormal,condition_00,sensor_00,-0.5127,0.5314,-0.5678,0.0359,0.0499,0.029,0.5309,0.5399,0.6501
S00000025,file_0001,25,1,abnormal,condition_00,sensor_00,-0.571,0.5413,-0.5543,0.0359,0.0499,0.029,0.5309,0.5399,0.6501
S00000026,file_0001,26,1,abnormal,condition_00,sensor_00,-0.5321,0.5413,-0.5588,0.0359,0.0499,0.029,0.5309,0.5399,0.6501
S00000027,file_0001,27,1,abnormal,condition_00,sensor_00,-0.5127,0.5511,-0.5633,0.0359,0.0499,0.029,0.5311,0.5399,0.6501
S00000028,file_0001,28,1,abnormal,condition_00,sensor_00,-0.5127,0.5609,-0.5453,0.0359,0.0499,0.029,0.5311,0.5379,0.6501
S00000029,file_0001,29,1,abnormal,condition_00,sensor_00,-0.571,0.556,-0.5656,0.0359,0.0499,0.029,0.5311,0.5379,0.6501
S00000030,file_0001,30,1,abnormal,condition_00,sensor_00,-0.5127,0.556,-0.5633,0.0359,0.0499,0.029,0.5311,0.5379,0.6501
S00000031,file_0001,31,1,abnormal,condition_00,sensor_00,-0.5127,0.5659,-0.5678,0.0359,0.0499,0.029,0.5311,0.5379,0.6501
S00000032,file_0001,32,1,abnormal,condition_00,sensor_00,-0.5321,0.556,-0.5633,0.0359,0.0499,0.029,0.5313,0.5379,0.6501
S00000033,file_0001,33,1,abnormal,condition_00,sensor_00,-0.5516,0.5757,-0.5588,0.0359,0.0499,0.029,0.5313,0.5379,0.6501
S00000034,file_0001,34,1,abnormal,condition_00,sensor_00,-0.4933,0.5708,-0.5768,0.0359,0.0499,0.029,0.5313,0.5379,0.6501
S00000035,file_0001,35,1,abnormal,condition_00,sensor_00,-0.4933,0.5659,-0.5656,0.0303,0.0936,0.029,0.5313,0.5399,0.6501
S00000036,file_0001,36,1,abnormal,condition_00,sensor_00,-0.5516,0.5314,-0.5543,0.0359,0.0499,2.4829,0.5313,0.5399,0.6501
S00000037,file_0001,37,1,abnormal,condition_00,sensor_00,-0.571,0.5511,-0.5633,0.047,0.0499,0.029,0.5315,0.5399,0.6501
S00000038,file_0001,38,1,abnormal,condition_00,sensor_00,-0.5516,0.5511,-0.5633,0.0637,0.0936,0.029,0.5321,0.5399,0.6508
S00000039,file_0001,39,1,abnormal,condition_00,sensor_00,-0.5127,0.7135,-0.6084,0.1749,0.1811,-1.6069,0.5334,0.5379,0.6518
S00000040,file_0001,40,1,abnormal,condition_00,sensor_00,-0.6099,0.5117,-0.5656,0.1305,0.1374,0.029,0.5354,0.5379,0.6535
S00000041,file_0001,41,1,abnormal,condition_00,sensor_00,-0.571,0.5413,-0.5611,0.1416,0.1593,0.029,0.5375,0.5379,0.6552
S00000042,file_0001,42,1,abnormal,condition_00,sensor_00,-0.5516,0.5708,-0.5768,0.1249,0.1155,0.029,0.5392,0.5379,0.6569
S00000043,file_0001,43,1,abnormal,condition_00,sensor_00,-0.4738,0.5216,-0.5746,0.1249,0.1374,0.029,0.5409,0.5361,0.6587
S00000044,file_0001,44,1,abnormal,condition_00,sensor_00,-0.5516,0.5314,-0.5746,0.1471,0.1155,-0.789,0.5427,0.5361,0.6604
S00000045,file_0001,45,1,abnormal,condition_00,sensor_00,-0.5127,0.5806,-0.5858,0.1249,0.1374,-0.789,0.5444,0.5361,0.6621
S00000046,file_0001,46,1,abnormal,condition_00,sensor_00,-0.4738,0.5314,-0.5791,0.1081,0.0936,0.029,0.5459,0.534,0.6638
S00000047,file_0001,47,1,abnormal,condition_00,sensor_00,-0.4349,0.5363,-0.5858,0.1137,0.1155,0.029,0.5476,0.534,0.6646
S00000048,file_0001,48,1,abnormal,condition_00,sensor_00,-0.571,0.5511,-0.5926,0.1416,0.1593,0.029,0.5495,0.5323,0.6663
S00000049,file_0001,49,1,abnormal,condition_00,sensor_00,-0.5516,0.556,-0.5836,0.1137,0.1155,0.029,0.5512,0.5323,0.668
S00000050,file_0001,50,1,abnormal,condition_00,sensor_00,-0.4933,0.5511,-0.5858,0.1193,0.1374,0.029,0.5527,0.5323,0.6698
S00000051,file_0001,51,1,abnormal,condition_00,sensor_00,-0.4933,0.5905,-0.6016,0.1527,0.0936,0.029,0.5544,0.5302,0.6715
S00000052,file_0001,52,1,abnormal,condition_00,sensor_00,-0.4738,0.4773,-0.5926,0.7811,0.7938,0.029,0.5628,0.5264,0.6801
S00000053,file_0001,53,1,abnormal,condition_00,sensor_00,-0.4155,0.4822,-0.6106,0.9256,0.9032,0.029,0.5807,0.5188,0.699
S00000054,file_0001,54,1,abnormal,condition_00,sensor_00,-0.5321,0.4183,-0.6061,1.0257,1.0129,0.029,0.5995,0.5095,0.7196
S00000055,file_0001,55,1,abnormal,condition_00,sensor_00,-0.4155,0.556,-0.6669,1.1536,1.2097,0.029,0.6197,0.4981,0.7419
S00000056,file_0001,56,1,abnormal,condition_00,sensor_00,-0.7071,0.4527,-0.6894,1.3872,1.3628,0.029,0.6426,0.4846,0.7658
S00000057,file_0001,57,1,abnormal,condition_00,sensor_00,-0.6488,0.6249,-0.6917,0.4084,0.3783,0.029,0.66,0.4752,0.7847
S00000058,file_0001,58,1,abnormal,condition_00,sensor_00,-0.3183,0.4822,-0.7007,0.0581,0.0499,0.029,0.659,0.4752,0.7857
S00000059,file_0001,59,1,abnormal,condition_00,sensor_00,-0.5516,0.433,-0.7232,0.0526,0.0499,0.847,0.6587,0.477,0.7857
S00000060,file_0001,60,1,abnormal,condition_00,sensor_00,-0.571,0.4429,-0.7052,0.0415,0.1155,-2.4249,0.6583,0.477,0.7857
S00000061,file_0001,61,1,abnormal,condition_00,sensor_00,-0.4349,0.4183,-0.6759,0.047,0.028,0.029,0.6577,0.477,0.7847
S00000062,file_0001,62,1,abnormal,condition_00,sensor_00,-0.3961,0.4871,-0.7075,0.0137,0.0499,0.029,0.6572,0.477,0.7847
S00000063,file_0001,63,1,abnormal,condition_00,sensor_00,-0.4933,0.4921,-0.712,0.0359,0.0499,1.6649,0.657,0.477,0.7847
S00000064,file_0001,64,1,abnormal,condition_00,sensor_00,-0.4933,0.497,-0.6962,0.0248,0.028,0.029,0.6568,0.477,0.784
S00000065,file_0001,65,1,abnormal,condition_00,sensor_00,-0.4349,0.4625,-0.7052,0.0415,0.0499,0.029,0.6568,0.4791,0.784
S00000066,file_0001,66,1,abnormal,condition_00,sensor_00,-0.5127,0.4822,-0.7187,0.0415,0.0499,-0.789,0.6568,0.4791,0.784
S00000067,file_0001,67,1,abnormal,condition_00,sensor_00,-0.5127,0.4675,-0.7075,0.0359,0.0718,0.847,0.6566,0.477,0.784
S00000068,file_0001,68,1,abnormal,condition_00,sensor_00,-0.3766,0.4871,-0.6962,0.0415,0.0499,0.029,0.6566,0.477,0.784
S00000069,file_0001,69,1,abnormal,condition_00,sensor_00,-0.4738,0.4822,-0.7142,0.0303,0.0499,0.029,0.6568,0.477,0.784
S00000070,file_0001,70,1,abnormal,condition_00,sensor_00,-0.4738,0.4724,-0.7097,0.0415,0.0499,0.029,0.6568,0.477,0.784
S00000071,file_0001,71,1,abnormal,condition_00,sensor_00,-0.4349,0.497,-0.6917,0.0415,0.0499,0.029,0.657,0.477,0.784
S00000072,file_0001,72,1,abnormal,condition_00,sensor_00,-0.4349,0.4822,-0.712,0.0359,0.0936,0.029,0.6572,0.4752,0.784
S00000073,file_0001,73,1,abnormal,condition_00,sensor_00,-0.5127,0.4822,-0.7097,0.0248,0.0499,0.029,0.6572,0.4752,0.784
S00000074,file_0001,74,1,abnormal,condition_00,sensor_00,-0.4933,0.4822,-0.703,0.0359,0.028,0.029,0.6574,0.4752,0.784
S00000075,file_0001,75,1,abnormal,condition_00,sensor_00,-0.3961,0.4773,-0.7052,0.0359,0.0718,0.029,0.6574,0.4752,0.784
S00000076,file_0001,76,1,abnormal,condition_00,sensor_00,-0.4155,0.4822,-0.7075,0.0359,0.0499,1.6649,0.6574,0.4752,0.784
S00000077,file_0001,77,1,abnormal,condition_00,sensor_00,-0.5127,0.4724,-0.7142,0.0359,0.0062,0.029,0.6575,0.4732,0.783
S00000078,file_0001,78,1,abnormal,condition_00,sensor_00,-0.4544,0.4921,-0.7075,0.047,0.0718,0.847,0.6575,0.4732,0.783
S00000079,file_0001,79,1,abnormal,condition_00,sensor_00,-0.4349,0.4921,-0.7075,0.047,0.0499,0.029,0.6575,0.4732,0.783
S00000080,file_0001,80,1,abnormal,condition_00,sensor_00,-0.5127,0.4822,-0.7142,0.0303,0.0499,0.029,0.6575,0.4732,0.783
S00000081,file_0001,81,1,abnormal,condition_00,sensor_00,-0.3961,0.7381,-0.7886,-0.0308,-0.1032,0.029,0.6575,0.4732,0.783
S00000082,file_0001,82,1,abnormal,condition_00,sensor_00,-0.1433,1.176,-0.8719,0.1249,-0.0813,2.4829,0.6589,0.4714,0.7857
S00000083,file_0001,83,1,abnormal,condition_00,sensor_00,-0.6877,0.3986,-0.7277,0.0415,0.0718,0.029,0.6592,0.4714,0.7857
S00000084,file_0001,84,1,abnormal,condition_00,sensor_00,-0.4933,0.4921,-0.6849,0.0192,0.1374,-0.789,0.6592,0.4714,0.7857
S00000085,file_0001,85,1,abnormal,condition_00,sensor_00,-0.3183,0.5117,-0.7075,0.0415,-0.0376,0.029,0.6592,0.4732,0.7857
S00000086,file_0001,86,1,abnormal,condition_00,sensor_00,-0.4933,0.4429,-0.7277,0.0359,0.0718,0.847,0.6592,0.4714,0.7857
S00000087,file_0001,87,1,abnormal,condition_00,sensor_00,-0.4544,0.4921,-0.694,0.0137,0.1155,0.029,0.6592,0.4714,0.7857
S00000088,file_0001,88,1,abnormal,condition_00,sensor_00,-0.4155,0.4921,-0.7075,0.0303,-0.0157,0.847,0.6592,0.4714,0.7857
S00000089,file_0001,89,1,abnormal,condition_00,sensor_00,-0.3961,0.4576,-0.7277,0.0359,0.0499,0.029,0.6592,0.4714,0.7857
S00000090,file_0001,90,1,abnormal,condition_00,sensor_00,-0.4738,0.4822,-0.7165,0.0248,0.0062,1.6649,0.6592,0.4714,0.7847
S00000091,file_0001,91,1,abnormal,condition_00,sensor_00,-0.4544,0.4871,-0.7075,0.0192,0.0499,0.029,0.6592,0.4714,0.7847
S00000092,file_0001,92,1,abnormal,condition_00,sensor_00,-0.4349,0.4773,-0.7165,0.0303,0.0499,0.029,0.659,0.4714,0.7847
S00000093,file_0001,93,1,abnormal,condition_00,sensor_00,-0.4933,0.4871,-0.7007,0.0192,0.028,0.029,0.659,0.4714,0.7847
S00000094,file_0001,94,1,abnormal,condition_00,sensor_00,-0.6099,0.7577,-0.7503,-0.5814,-0.5409,0.029,0.6551,0.4732,0.7805
S00000095,file_0001,95,1,abnormal,condition_00,sensor_00,-0.5127,0.3887,-0.6782,-0.9929,-0.9787,0.029,0.636,0.4846,0.7599
S00000096,file_0001,96,1,abnormal,condition_00,sensor_00,-0.3377,0.3494,-0.6354,-0.6982,-0.5628,0.029,0.6176,0.4943,0.7402
S00000097,file_0001,97,1,abnormal,condition_00,sensor_00,-0.4933,0.4921,-0.6647,0.0081,0.0499,1.6649,0.6143,0.4943,0.7351
S00000098,file_0001,98,1,abnormal,condition_00,sensor_00,-0.4933,0.5216,-0.6534,0.0192,-0.0813,0.029,0.6148,0.4943,0.7351
S00000099,file_0001,99,1,abnormal,condition_00,sensor_00,-0.5127,0.5216,-0.6602,0.0248,0.0499,0.847,0.615,0.4943,0.7341
S00000100,file_0001,100,1,abnormal,condition_00,sensor_00,-0.5516,0.497,-0.6624,0.0359,0.0499,0.029,0.6152,0.4943,0.7341
S00000101,file_0001,101,1,abnormal,condition_00,sensor_00,-0.4738,0.497,-0.6534,0.0359,-0.0157,0.029,0.6154,0.4943,0.7333
S00000102,file_0001,102,1,abnormal,condition_00,sensor_00,-0.4738,0.5068,-0.6579,0.0359,0.0062,-0.789,0.6154,0.4943,0.7333
S00000103,file_0001,103,1,abnormal,condition_00,sensor_00,-0.5321,0.4871,-0.6692,0.0248,0.028,0.029,0.6154,0.4922,0.7333
S00000104,file_0001,104,1,abnormal,condition_00,sensor_00,-0.4738,0.5068,-0.6534,0.0137,0.028,0.029,0.6152,0.4922,0.7333
S00000105,file_0001,105,1,abnormal,condition_00,sensor_00,-0.3572,0.5265,-0.6444,0.0192,0.028,1.6649,0.615,0.4922,0.7324
S00000106,file_0001,106,1,abnormal,condition_00,sensor_00,-0.4349,0.5068,-0.6647,0.0248,0.0499,0.029,0.615,0.4922,0.7333
S00000107,file_0001,107,1,abnormal,condition_00,sensor_00,-0.5516,0.5117,-0.6692,0.0303,0.0499,0.029,0.6148,0.4922,0.7324
S00000108,file_0001,108,1,abnormal,condition_00,sensor_00,-0.4738,0.5167,-0.6444,0.0192,0.0718,0.029,0.6145,0.4922,0.7324
S00000109,file_0001,109,1,abnormal,condition_00,sensor_00,-0.4933,0.5068,-0.6489,0.0192,0.0062,0.029,0.6145,0.4922,0.7324
S00000110,file_0001,110,1,abnormal,condition_00,sensor_00,-0.5516,0.5117,-0.6669,0.0192,0.0062,0.029,0.6143,0.4922,0.7324
S00000111,file_0001,111,1,abnormal,condition_00,sensor_00,-0.4738,0.5068,-0.6489,0.0192,0.028,0.029,0.6139,0.4922,0.7316
S00000112,file_0001,112,1,abnormal,condition_00,sensor_00,-0.4544,0.497,-0.6579,0.0248,0.028,0.029,0.6137,0.4922,0.7316
S00000113,file_0001,113,1,abnormal,condition_00,sensor_00,-0.4933,0.5019,-0.6534,0.0359,0.0499,0.029,0.6135,0.4922,0.7316
S00000114,file_0001,114,1,abnormal,condition_00,sensor_00,-0.5127,0.5117,-0.6602,0.0137,0.0499,0.029,0.6131,0.4922,0.7307
S00000115,file_0001,115,1,abnormal,condition_00,sensor_00,-0.4544,0.5167,-0.6534,0.0303,0.0062,0.029,0.6128,0.4922,0.7307
S00000116,file_0001,116,1,abnormal,condition_00,sensor_00,-0.4933,0.5068,-0.6489,0.0192,0.028,0.029,0.6126,0.4922,0.7299
S00000117,file_0001,117,1,abnormal,condition_00,sensor_00,-0.4544,0.5167,-0.6647,0.0192,0.0499,0.029,0.6124,0.4922,0.7299
S00000118,file_0001,118,1,abnormal,condition_00,sensor_00,-0.4738,0.5413,-0.6602,-0.0419,-0.0376,0.029,0.6117,0.4922,0.7299
S00000119,file_0001,119,1,abnormal,condition_00,sensor_00,-0.4544,0.497,-0.6421,-0.0642,-0.0813,0.029,0.6094,0.4943,0.7265
S00000120,file_0001,120,1,abnormal,condition_00,sensor_00,-0.5321,0.5314,-0.6602,-0.092,-0.0594,0.029,0.607,0.4943,0.7247
S00000121,file_0001,121,1,abnormal,condition_00,sensor_00,-0.6294,0.5855,-0.6444,-0.2811,-0.2563,0.029,0.603,0.4981,0.7204
S00000122,file_0001,122,1,abnormal,condition_00,sensor_00,-0.3766,0.5757,-0.6309,-0.7259,-0.6721,0.029,0.5907,0.5036,0.7066
S00000123,file_0001,123,1,abnormal,condition_00,sensor_00,-0.571,0.5117,-0.6106,-0.7204,-0.7378,0.029,0.5761,0.5112,0.6904
S00000124,file_0001,124,1,abnormal,condition_00,sensor_00,-0.4544,0.6741,-0.6241,-0.9539,-1.0662,0.029,0.5594,0.5209,0.6707
S00000125,file_0001,125,1,abnormal,condition_00,sensor_00,-0.5127,0.4724,-0.5475,-1.4099,-1.4379,0.029,0.5351,0.5323,0.6432
S00000126,file_0001,126,1,abnormal,condition_00,sensor_00,-0.4933,0.6397,-0.5611,-1.5322,-1.5695,0.029,0.5058,0.5455,0.6105
S00000127,file_0001,127,1,abnormal,condition_00,sensor_00,-0.7071,0.62,-0.516,-1.421,-1.4817,0.029,0.4772,0.5569,0.5762
S00000128,file_0001,128,1,abnormal,condition_00,sensor_00,-0.3377,0.5806,-0.48,-1.4989,-1.5476,0.029,0.4485,0.5683,0.5427
S00000129,file_0001,129,1,abnormal,condition_00,sensor_00,-0.8238,0.6446,-0.4372,-1.4432,-1.4379,0.029,0.4208,0.5759,0.5093
S00000130,file_0001,130,1,abnormal,condition_00,sensor_00,-0.8432,0.5413,-0.4011,-1.4265,-1.4598,0.029,0.3927,0.5856,0.4766
S00000131,file_0001,131,1,abnormal,condition_00,sensor_00,-0.571,0.5806,-0.3696,-1.4599,-1.4817,0.029,0.3652,0.5932,0.444
S00000132,file_0001,132,1,abnormal,condition_00,sensor_00,-0.5321,0.6446,-0.3674,-1.4488,-1.4817,0.029,0.3375,0.5987,0.4106
S00000133,file_0001,133,1,abnormal,condition_00,sensor_00,-0.4933,0.6347,-0.3246,-1.5044,-1.4817,0.029,0.3096,0.6043,0.3771
S00000134,file_0001,134,1,abnormal,condition_00,sensor_00,-0.746,0.6249,-0.2683,-1.4543,-1.5258,0.029,0.2817,0.6081,0.3445
S00000135,file_0001,135,1,abnormal,condition_00,sensor_00,-0.571,0.5609,-0.2412,-1.4711,-1.4598,2.4829,0.2536,0.6101,0.311
S00000136,file_0001,136,1,abnormal,condition_00,sensor_00,-0.4155,0.7479,-0.2232,-1.4711,-1.4379,-0.789,0.2257,0.6119,0.2784
S00000137,file_0001,137,1,abnormal,condition_00,sensor_00,-0.8627,0.6003,-0.1714,-1.4265,-1.5036,2.4829,0.197,0.6119,0.2459
S00000138,file_0001,138,1,abnormal,condition_00,sensor_00,-0.6488,0.6151,-0.1489,-1.4543,-1.4161,0.029,0.1683,0.6119,0.2123
S00000139,file_0001,139,1,abnormal,condition_00,sensor_00,-0.7266,0.5806,-0.0881,-1.4432,-1.3942,0.029,0.1403,0.6119,0.1789
S00000140,file_0001,140,1,abnormal,condition_00,sensor_00,-0.4738,0.6052,-0.07,-1.4989,-1.4817,-0.789,0.1125,0.6081,0.1454
S00000141,file_0001,141,1,abnormal,condition_00,sensor_00,-0.571,0.6889,-0.0565,-1.4432,-1.5258,0.029,0.0854,0.6063,0.1128
S00000142,file_0001,142,1,abnormal,condition_00,sensor_00,-0.571,0.556,0.0201,-1.4933,-1.5036,1.6649,0.0584,0.6005,0.0793
S00000143,file_0001,143,1,abnormal,condition_00,sensor_00,-0.3572,0.8069,-0.025,-1.51,-1.4598,1.6649,0.0316,0.597,0.0467
S00000144,file_0001,144,1,abnormal,condition_00,sensor_00,-0.7849,0.62,0.0516,-1.4432,-1.4379,1.6649,0.0047,0.5911,0.014
S00000145,file_0001,145,1,abnormal,condition_00,sensor_00,-0.571,0.5708,0.0966,-1.4878,-1.5258,1.6649,-0.0227,0.5835,-0.0194
S00000146,file_0001,146,1,abnormal,condition_00,sensor_00,-0.571,0.679,0.1034,-1.4711,-1.5036,0.029,-0.0496,0.5742,-0.0521
S00000147,file_0001,147,1,abnormal,condition_00,sensor_00,-0.4933,0.1821,0.243,-1.1263,-1.1099,1.6649,-0.0766,0.5645,-0.0838
S00000148,file_0001,148,1,abnormal,condition_00,sensor_00,-0.6099,0.5462,0.1665,0.0025,-0.1032,0.847,-0.0845,0.5607,-0.0924
S00000149,file_0001,149,1,abnormal,condition_00,sensor_00,-0.5516,0.5954,0.1552,0.0025,0.0499,0.029,-0.0864,0.5607,-0.0931
S00000150,file_0001,150,1,abnormal,condition_00,sensor_00,-0.6099,0.5954,0.1732,0.0248,0.0718,0.029,-0.0873,0.5607,-0.0941
S00000151,file_0001,151,1,abnormal,condition_00,sensor_00,-0.6294,0.5954,0.1642,0.0359,0.0499,0.029,-0.0878,0.5607,-0.0949
S00000152,file_0001,152,1,abnormal,condition_00,sensor_00,-0.5516,0.5806,0.1529,0.0303,0.0062,0.029,-0.0878,0.5628,-0.0941
S00000153,file_0001,153,1,abnormal,condition_00,sensor_00,-0.6294,0.5954,0.1665,0.0359,0.0936,0.029,-0.0877,0.5628,-0.0949
S00000154,file_0001,154,1,abnormal,condition_00,sensor_00,-0.6294,0.5806,0.1574,0.0359,0.0499,0.847,-0.0877,0.5628,-0.0949
S00000155,file_0001,155,1,abnormal,condition_00,sensor_00,-0.571,0.5905,0.1687,0.0248,0.0499,-0.789,-0.0875,0.5628,-0.0949
S00000156,file_0001,156,1,abnormal,condition_00,sensor_00,-0.2794,0.7725,0.1462,-0.0809,-0.0813,0.029,-0.0875,0.5628,-0.0949
S00000157,file_0001,157,1,abnormal,condition_00,sensor_00,-0.5127,0.5855,0.1574,-0.0476,0.028,0.847,-0.0884,0.5628,-0.0958
S00000158,file_0001,158,1,abnormal,condition_00,sensor_00,-0.6294,0.6151,0.1529,-0.0364,0.028,1.6649,-0.0895,0.5628,-0.0975
S00000159,file_0001,159,1,abnormal,condition_00,sensor_00,-0.6488,0.5905,0.1822,-0.0419,-0.0157,-1.6069,-0.0907,0.5645,-0.0992
S00000160,file_0001,160,1,abnormal,condition_00,sensor_00,-0.6488,0.5855,0.1822,-0.0364,-0.0157,0.029,-0.0918,0.5645,-0.101
S00000161,file_0001,161,1,abnormal,condition_00,sensor_00,-0.6099,0.5708,0.1687,-0.0419,-0.0594,0.029,-0.0927,0.5645,-0.1027
S00000162,file_0001,162,1,abnormal,condition_00,sensor_00,-0.5321,0.5609,0.1822,-0.0587,-0.0376,0.029,-0.094,0.5645,-0.1052
S00000163,file_0001,163,1,abnormal,condition_00,sensor_00,-0.5905,0.5511,0.1867,-0.0308,-0.0376,0.029,-0.095,0.5645,-0.1069
S00000164,file_0001,164,1,abnormal,condition_00,sensor_00,-0.6682,0.6298,0.162,-0.0364,-0.0157,0.029,-0.0963,0.5645,-0.1078
S00000165,file_0001,165,1,abnormal,condition_00,sensor_00,-0.6294,0.5708,0.1822,-0.0753,-0.0376,0.029,-0.0976,0.5645,-0.1095
S00000166,file_0001,166,1,abnormal,condition_00,sensor_00,-0.5905,0.5806,0.189,-0.0252,-0.0376,0.029,-0.0987,0.5645,-0.1113
S00000167,file_0001,167,1,abnormal,condition_00,sensor_00,-0.5127,0.6101,0.1867,-0.0531,-0.0376,0.029,-0.1,0.5645,-0.113
S00000168,file_0001,168,1,abnormal,condition_00,sensor_00,-0.6099,0.5511,0.1867,-0.0587,-0.0376,0.029,-0.1015,0.5645,-0.1147
S00000169,file_0001,169,1,abnormal,condition_00,sensor_00,-0.746,0.7479,0.1687,-0.3089,-0.2563,0.029,-0.1036,0.5645,-0.1181
S00000170,file_0001,170,1,abnormal,condition_00,sensor_00,-0.8432,0.6347,0.2273,-1.321,-1.1974,0.029,-0.1184,0.559,-0.1386
S00000171,file_0001,171,1,abnormal,condition_00,sensor_00,-0.2016,0.6839,0.2138,-1.421,-1.4817,0.029,-0.1416,0.5493,-0.1688
S00000172,file_0001,172,1,abnormal,condition_00,sensor_00,-0.7655,0.4724,0.2791,-1.4488,-1.4379,3.3009,-0.1674,0.5361,-0.2005
S00000173,file_0001,173,1,abnormal,condition_00,sensor_00,-0.3377,0.5462,0.3061,-1.5267,-1.5476,0.847,-0.1946,0.5209,-0.2331
S00000174,file_0001,174,1,abnormal,condition_00,sensor_00,-0.3572,0.6347,0.3061,-1.4655,-1.4817,-0.789,-0.2223,0.5074,-0.2656
S00000175,file_0001,175,1,abnormal,condition_00,sensor_00,-0.1822,0.0886,0.4052,-0.8204,-0.7815,1.6649,-0.2474,0.4922,-0.2948
S00000176,file_0001,176,1,abnormal,condition_00,sensor_00,-0.2988,0.4773,0.3827,-0.0252,-0.0157,-1.6069,-0.2515,0.4905,-0.2983
S00000177,file_0001,177,1,abnormal,condition_00,sensor_00,-0.4155,0.5314,0.3737,0.0303,0.0062,0.029,-0.2528,0.4884,-0.2992
S00000178,file_0001,178,1,abnormal,condition_00,sensor_00,-0.5321,0.5511,0.3827,0.0303,0.0718,-0.789,-0.2534,0.4884,-0.2992
S00000179,file_0001,179,1,abnormal,condition_00,sensor_00,-0.5321,0.4035,0.4007,0.0192,0.0499,0.847,-0.2534,0.4884,-0.3
S00000180,file_0001,180,1,abnormal,condition_00,sensor_00,-0.4544,0.5167,0.3692,0.0081,0.0499,-1.6069,-0.2534,0.4884,-0.3
S00000181,file_0001,181,1,abnormal,condition_00,sensor_00,-0.4933,0.5265,0.3714,0.0248,0.0499,0.847,-0.2534,0.4905,-0.3
S00000182,file_0001,182,1,abnormal,condition_00,sensor_00,-0.571,0.5117,0.3714,0.0303,0.0499,-1.6069,-0.2534,0.4905,-0.3
S00000183,file_0001,183,1,abnormal,condition_00,sensor_00,-0.5127,0.497,0.3849,0.0415,0.0499,2.4829,-0.2536,0.4905,-0.3
S00000184,file_0001,184,1,abnormal,condition_00,sensor_00,-0.5127,0.4871,0.3827,0.0359,0.0499,0.029,-0.2536,0.4905,-0.3
S00000185,file_0001,185,1,abnormal,condition_00,sensor_00,-0.5905,0.5117,0.3714,0.0415,0.0062,-0.789,-0.2536,0.4905,-0.3
S00000186,file_0001,186,1,abnormal,condition_00,sensor_00,-0.571,0.5019,0.3759,0.0359,0.0499,0.029,-0.2536,0.4905,-0.3
S00000187,file_0001,187,1,abnormal,condition_00,sensor_00,-0.5127,0.4921,0.3827,0.0359,0.028,0.029,-0.2538,0.4905,-0.3
S00000188,file_0001,188,1,abnormal,condition_00,sensor_00,-0.4738,0.5167,0.3849,0.0137,0.0499,0.029,-0.2538,0.4905,-0.3
S00000189,file_0001,189,1,abnormal,condition_00,sensor_00,-0.5321,0.4921,0.3647,0.0359,0.028,0.029,-0.2538,0.4922,-0.3
S00000190,file_0001,190,1,abnormal,condition_00,sensor_00,-0.5127,0.4921,0.3849,0.047,0.0718,0.029,-0.254,0.4922,-0.3
S00000191,file_0001,191,1,abnormal,condition_00,sensor_00,-0.4738,0.4921,0.3917,0.0248,0.0499,0.029,-0.254,0.4922,-0.3
S00000192,file_0001,192,1,abnormal,condition_00,sensor_00,-0.571,0.497,0.3692,0.0359,0.0499,0.029,-0.254,0.4943,-0.3
S00000193,file_0001,193,1,abnormal,condition_00,sensor_00,-0.571,0.4921,0.3804,0.0359,0.0499,0.029,-0.2541,0.4943,-0.3
S00000194,file_0001,194,1,abnormal,condition_00,sensor_00,-0.4738,0.4921,0.3714,0.0359,0.0499,0.029,-0.2541,0.4943,-0.3
S00000195,file_0001,195,1,abnormal,condition_00,sensor_00,-0.5321,0.4921,0.3804,0.0359,0.028,0.029,-0.2541,0.4943,-0.3009
S00000196,file_0001,196,1,abnormal,condition_00,sensor_00,-0.5905,0.497,0.3737,0.0359,-0.0157,0.029,-0.2541,0.496,-0.3
S00000197,file_0001,197,1,abnormal,condition_00,sensor_00,-0.4738,0.497,0.3827,0.0359,0.0718,0.029,-0.2541,0.496,-0.3
S00000198,file_0001,198,1,abnormal,condition_00,sensor_00,-0.4933,0.497,0.3759,0.0359,0.0062,0.029,-0.2541,0.496,-0.3009
S00000199,file_0001,199,1,abnormal,condition_00,sensor_00,-0.5905,0.5019,0.3714,0.0303,0.0062,0.029,-0.2543,0.496,-0.3
S00000200,file_0001,200,1,abnormal,condition_00,sensor_00,-0.26,0.6938,0.3331,0.0359,0.0718,-1.6069,-0.2545,0.496,-0.3009
S00000201,file_0001,201,1,abnormal,condition_00,sensor_00,-0.4155,0.4133,0.3894,-0.0476,0.0062,0.847,-0.2564,0.4943,-0.3027
S00000202,file_0001,202,1,abnormal,condition_00,sensor_00,-0.5127,0.5462,0.3804,0.047,-0.0157,-1.6069,-0.2564,0.4943,-0.3027
S00000203,file_0001,203,1,abnormal,condition_00,sensor_00,-0.4738,0.4625,0.3804,0.0415,0.0499,-0.789,-0.2564,0.4943,-0.3017
S00000204,file_0001,204,1,abnormal,condition_00,sensor_00,-0.5127,0.5363,0.3782,0.0359,0.0499,0.029,-0.2564,0.4943,-0.3017
S00000205,file_0001,205,1,abnormal,condition_00,sensor_00,-0.4738,0.4871,0.3827,0.0359,0.1374,1.6649,-0.2564,0.4943,-0.3017
S00000206,file_0001,206,1,abnormal,condition_00,sensor_00,-0.5127,0.5019,0.3872,0.0415,0.0062,2.4829,-0.2564,0.4943,-0.3017
S00000207,file_0001,207,1,abnormal,condition_00,sensor_00,-0.5127,0.5117,0.3692,0.0359,0.0062,0.029,-0.2562,0.4943,-0.3017
S00000208,file_0001,208,1,abnormal,condition_00,sensor_00,-0.5321,0.4773,0.3782,0.0248,0.0499,0.029,-0.2562,0.496,-0.3017
S00000209,file_0001,209,1,abnormal,condition_00,sensor_00,-0.5321,0.5019,0.3849,0.0526,0.0062,0.029,-0.2562,0.496,-0.3017
S00000210,file_0001,210,1,abnormal,condition_00,sensor_00,-0.5321,0.5117,0.3804,0.0359,0.0936,0.029,-0.2562,0.4981,-0.3009
S00000211,file_0001,211,1,abnormal,condition_00,sensor_00,-0.4933,0.5216,0.3804,0.0303,0.0718,0.029,-0.2562,0.4981,-0.3009
S00000212,file_0001,212,1,abnormal,condition_00,sensor_00,-0.5321,0.497,0.3804,0.047,0.0718,0.029,-0.2562,0.4981,-0.3009
S00000213,file_0001,213,1,abnormal,condition_00,sensor_00,-0.4544,0.4724,0.3737,0.0526,0.0718,0.029,-0.256,0.4998,-0.3009
S00000214,file_0001,214,1,abnormal,condition_00,sensor_00,-0.4738,0.4871,0.3692,1.0368,0.925,0.029,-0.2463,0.5036,-0.2897
S00000215,file_0001,215,1,abnormal,condition_00,sensor_00,-0.5321,0.4527,0.3511,1.0647,1.0348,0.029,-0.2285,0.515,-0.2691
S00000216,file_0001,216,1,abnormal,condition_00,sensor_00,-0.6099,0.6003,0.3106,1.0479,1.0348,0.029,-0.2098,0.5247,-0.2486
S00000217,file_0001,217,1,abnormal,condition_00,sensor_00,-0.4738,0.5117,0.3376,0.0692,0.0718,0.029,-0.2019,0.5285,-0.24
S00000218,file_0001,218,1,abnormal,condition_00,sensor_00,-0.4933,0.5363,0.3061,0.0526,0.0062,0.029,-0.2008,0.5285,-0.24
S00000219,file_0001,219,1,abnormal,condition_00,sensor_00,-0.5905,0.5314,0.3061,0.047,0.0499,0.029,-0.2002,0.5302,-0.2391
S00000220,file_0001,220,1,abnormal,condition_00,sensor_00,-0.4933,0.5265,0.3196,0.0303,0.0718,0.029,-0.1998,0.5302,-0.2391
S00000221,file_0001,221,1,abnormal,condition_00,sensor_00,-0.5321,0.5167,0.3219,0.0359,0.0499,0.029,-0.1995,0.5302,-0.2391
S00000222,file_0001,222,1,abnormal,condition_00,sensor_00,-0.571,0.5167,0.3129,0.0359,0.0499,0.029,-0.1995,0.5302,-0.2391
S00000223,file_0001,223,1,abnormal,condition_00,sensor_00,-0.5905,0.5314,0.3106,0.0248,0.028,0.029,-0.1993,0.5323,-0.2391
S00000224,file_0001,224,1,abnormal,condition_00,sensor_00,-0.5516,0.5216,0.3084,0.0192,0.0499,0.029,-0.1993,0.5323,-0.2391
S00000225,file_0001,225,1,abnormal,condition_00,sensor_00,-0.571,0.5167,0.3219,0.0359,0.0499,0.029,-0.1993,0.5323,-0.2391
S00000226,file_0001,226,1,abnormal,condition_00,sensor_00,-0.5321,0.5314,0.3129,0.0359,-0.0157,0.029,-0.1991,0.5323,-0.24
S00000227,file_0001,227,1,abnormal,condition_00,sensor_00,-0.5127,0.5216,0.3038,0.0303,0.0718,0.029,-0.1993,0.5323,-0.2391
S00000228,file_0001,228,1,abnormal,condition_00,sensor_00,-0.5321,0.5314,0.3174,0.0359,0.0499,0.029,-0.1995,0.534,-0.24
S00000229,file_0001,229,1,abnormal,condition_00,sensor_00,-0.6682,0.4822,0.3174,0.0415,-0.0157,0.029,-0.1995,0.534,-0.24
S00000230,file_0001,230,1,abnormal,condition_00,sensor_00,-0.5321,0.5314,0.3106,0.0303,0.0062,0.029,-0.1997,0.534,-0.24
S00000231,file_0001,231,1,abnormal,condition_00,sensor_00,-0.5321,0.5265,0.3151,0.0359,0.0499,0.029,-0.1998,0.534,-0.24
S00000232,file_0001,232,1,abnormal,condition_00,sensor_00,-0.5905,0.5363,0.3061,0.0192,0.0499,0.029,-0.2,0.534,-0.2408
S00000233,file_0001,233,1,abnormal,condition_00,sensor_00,-0.571,0.5314,0.3241,0.0192,0.0499,0.029,-0.2002,0.534,-0.2408
S00000234,file_0001,234,1,abnormal,condition_00,sensor_00,-0.5127,0.5265,0.3151,0.0359,0.0062,0.029,-0.2002,0.534,-0.2408
S00000235,file_0001,235,1,abnormal,condition_00,sensor_00,-0.7849,0.0148,0.4097,0.3862,0.4439,0.029,-0.1989,0.5361,-0.24
S00000236,file_0001,236,1,abnormal,condition_00,sensor_00,-0.4738,0.4478,0.3264,0.5641,0.6407,1.6649,-0.1894,0.5417,-0.2288
S00000237,file_0001,237,1,abnormal,condition_00,sensor_00,-0.4933,0.6003,0.2813,0.6531,0.5751,-2.4249,-0.1789,0.5455,-0.2159
S00000238,file_0001,238,1,abnormal,condition_00,sensor_00,-0.6099,0.5314,0.2475,0.6365,0.6626,0.847,-0.1682,0.5513,-0.203
S00000239,file_0001,239,1,abnormal,condition_00,sensor_00,-0.571,0.5905,0.2611,0.6365,0.6407,0.029,-0.1571,0.5569,-0.1911
S00000240,file_0001,240,1,abnormal,condition_00,sensor_00,-0.5127,0.5462,0.252,0.6365,0.597,-2.4249,-0.1461,0.5628,-0.1781
S00000241,file_0001,241,1,abnormal,condition_00,sensor_00,-0.4933,0.5659,0.2228,0.6254,0.6189,0.029,-0.1351,0.5683,-0.1653
S00000242,file_0001,242,1,abnormal,condition_00,sensor_00,-0.571,0.6347,0.2138,0.6142,0.597,-0.789,-0.1238,0.5721,-0.1524
S00000243,file_0001,243,1,abnormal,condition_00,sensor_00,-0.5127,0.5806,0.2115,0.5976,0.597,-0.789,-0.1128,0.578,-0.1395
S00000244,file_0001,244,1,abnormal,condition_00,sensor_00,-0.4544,0.5363,0.2092,0.6309,0.6626,0.029,-0.1017,0.5818,-0.1275
S00000245,file_0001,245,1,abnormal,condition_00,sensor_00,-0.4349,0.6446,0.1755,0.592,0.6189,-0.789,-0.0908,0.5873,-0.1147
S00000246,file_0001,246,1,abnormal,condition_00,sensor_00,-0.6682,0.6347,0.1417,0.6476,0.6845,0.029,-0.0798,0.5911,-0.1017
S00000247,file_0001,247,1,abnormal,condition_00,sensor_00,-0.6099,0.6151,0.1665,0.5976,0.6189,0.029,-0.0687,0.5949,-0.0889
S00000248,file_0001,248,1,abnormal,condition_00,sensor_00,-0.6099,0.6052,0.1484,0.6476,0.597,0.029,-0.0573,0.5987,-0.0769
S00000249,file_0001,249,1,abnormal,condition_00,sensor_00,-0.5321,0.5659,0.1372,0.6476,0.6626,0.029,-0.0459,0.6025,-0.0641
S00000250,file_0001,250,1,abnormal,condition_00,sensor_00,-0.7266,0.5314,0.1169,1.0702,1.0348,0.029,-0.0309,0.6063,-0.046
S00000251,file_0001,251,1,abnormal,condition_00,sensor_00,-0.8238,0.5659,0.1011,1.2704,1.2534,0.029,-0.0099,0.6119,-0.0219
S00000252,file_0001,252,1,abnormal,condition_00,sensor_00,-0.7849,0.5462,0.0606,1.3037,1.2534,0.029,0.0125,0.6178,0.0047
S00000253,file_0001,253,1,abnormal,condition_00,sensor_00,-0.7266,0.6052,0.0403,1.3093,1.3191,0.029,0.0354,0.6216,0.0304
S00000254,file_0001,254,1,abnormal,condition_00,sensor_00,-0.7266,0.6544,-0.007,1.3037,1.3191,0.029,0.0586,0.6254,0.057
S00000255,file_0001,255,1,abnormal,condition_00,sensor_00,-0.6488,0.6298,-0.0205,1.2815,1.3191,0.029,0.082,0.6292,0.0836
S00000256,file_0001,256,1,abnormal,condition_00,sensor_00,-0.7266,0.5314,-0.0318,1.2815,1.2316,0.029,0.1058,0.633,0.1103
S00000257,file_0001,257,1,abnormal,condition_00,sensor_00,-0.6294,0.6495,-0.0971,1.2926,1.2534,0.029,0.13,0.6347,0.1368
S00000258,file_0001,258,1,abnormal,condition_00,sensor_00,-0.5516,0.6692,-0.0948,1.2648,1.2534,0.029,0.1539,0.6368,0.1634
S00000259,file_0001,259,1,abnormal,condition_00,sensor_00,-0.6488,0.6839,-0.1421,1.2815,1.1878,0.029,0.1777,0.6368,0.19
S00000260,file_0001,260,1,abnormal,condition_00,sensor_00,-0.4738,0.7085,-0.1737,1.2593,1.2316,0.029,0.2015,0.6368,0.2167
S00000261,file_0001,261,1,abnormal,condition_00,sensor_00,-0.4738,0.62,-0.1691,1.237,1.2316,0.029,0.2247,0.6368,0.2432
S00000262,file_0001,262,1,abnormal,condition_00,sensor_00,-0.7071,0.6397,-0.2142,1.3037,1.2753,0.029,0.2474,0.6347,0.269
S00000263,file_0001,263,1,abnormal,condition_00,sensor_00,-0.6877,0.5708,-0.2322,1.2593,1.2097,0.029,0.2698,0.633,0.2948
S00000264,file_0001,264,1,abnormal,condition_00,sensor_00,-0.6294,0.6101,-0.2547,1.2648,1.2972,0.029,0.2921,0.6309,0.3204
S00000265,file_0001,265,1,abnormal,condition_00,sensor_00,-0.571,0.5954,-0.2885,1.2482,1.2972,0.029,0.3141,0.6271,0.3462
S00000266,file_0001,266,1,abnormal,condition_00,sensor_00,-0.6682,0.556,-0.3156,1.2926,1.2534,0.029,0.336,0.6233,0.372
S00000267,file_0001,267,1,abnormal,condition_00,sensor_00,-0.571,0.6101,-0.3561,1.2593,1.1441,0.029,0.3577,0.6195,0.3977
S00000268,file_0001,268,1,abnormal,condition_00,sensor_00,-0.571,0.6397,-0.3966,1.2537,1.2534,0.029,0.3803,0.6139,0.4235
S00000269,file_0001,269,1,abnormal,condition_00,sensor_00,-0.4544,0.62,-0.4079,1.2704,1.2753,0.029,0.403,0.6081,0.4501
S00000270,file_0001,270,1,abnormal,condition_00,sensor_00,-0.4349,0.6397,-0.4575,1.2593,1.2097,0.029,0.4257,0.6005,0.4749
S00000271,file_0001,271,1,abnormal,condition_00,sensor_00,-0.2988,0.5954,-0.471,1.2704,1.2097,0.029,0.4487,0.5932,0.5015
S00000272,file_0001,272,1,abnormal,condition_00,sensor_00,-0.4544,0.6298,-0.5025,1.2704,1.2753,0.029,0.4716,0.5856,0.5273
S00000273,file_0001,273,1,abnormal,condition_00,sensor_00,-0.4738,0.6593,-0.5543,1.2537,1.2316,0.029,0.4946,0.578,0.554
S00000274,file_0001,274,1,abnormal,condition_00,sensor_00,-0.571,0.6544,-0.5813,1.326,1.3191,0.029,0.5178,0.5683,0.5796
S00000275,file_0001,275,1,abnormal,condition_00,sensor_00,-0.4349,0.6889,-0.6106,1.2482,1.2316,0.029,0.5409,0.5569,0.6054
S00000276,file_0001,276,1,abnormal,condition_00,sensor_00,-0.4738,0.6249,-0.6309,1.326,1.2097,0.029,0.5644,0.5455,0.6319
S00000277,file_0001,277,1,abnormal,condition_00,sensor_00,-0.746,0.6151,-0.6624,1.3371,1.3628,0.029,0.5875,0.534,0.6577
S00000278,file_0001,278,1,abnormal,condition_00,sensor_00,-0.6488,0.6347,-0.6872,1.3093,1.3191,0.029,0.6103,0.5226,0.6835
S00000279,file_0001,279,1,abnormal,condition_00,sensor_00,-0.6877,0.4625,-0.6737,1.3093,1.3409,-0.789,0.633,0.5112,0.7083
S00000280,file_0001,280,1,abnormal,condition_00,sensor_00,-0.7655,0.4232,-0.6849,1.3482,1.4065,-1.6069,0.656,0.4981,0.7341
S00000281,file_0001,281,1,abnormal,condition_00,sensor_00,-0.7266,0.374,-0.7075,1.3593,1.3409,-2.4249,0.6793,0.4846,0.7599
S00000282,file_0001,282,1,abnormal,condition_00,sensor_00,-0.6488,0.3445,-0.7345,1.3315,1.3847,-2.4249,0.7021,0.4714,0.7857
S00000283,file_0001,283,1,abnormal,condition_00,sensor_00,-0.6099,0.3199,-0.7593,1.3371,1.3191,-2.4249,0.7253,0.4562,0.8105
S00000284,file_0001,284,1,abnormal,condition_00,sensor_00,-0.5516,0.3051,-0.7908,1.3093,1.2972,-1.6069,0.7482,0.441,0.8363
S00000285,file_0001,285,1,abnormal,condition_00,sensor_00,-0.4544,0.251,-0.7953,1.237,1.2534,1.6649,0.7712,0.4241,0.8611
S00000286,file_0001,286,1,abnormal,condition_00,sensor_00,-0.2794,0.1378,-0.7998,1.2926,1.2753,0.029,0.7946,0.4068,0.8869
S00000287,file_0001,287,1,abnormal,condition_00,sensor_00,-0.1239,0.1181,-0.8381,1.2482,1.1878,0.029,0.8178,0.3877,0.9127
S00000288,file_0001,288,1,abnormal,condition_00,sensor_00,-0.2988,0.1329,-0.8674,1.2593,1.2316,-0.789,0.8411,0.3708,0.9375
S00000289,file_0001,289,1,abnormal,condition_00,sensor_00,-0.085,0.1673,-0.8989,1.2482,1.166,0.029,0.8643,0.3518,0.9616
S00000290,file_0001,290,1,abnormal,condition_00,sensor_00,0.1289,0.251,-0.953,1.1869,1.1222,-0.789,0.8877,0.3307,0.9864
S00000291,file_0001,291,1,abnormal,condition_00,sensor_00,-0.085,0.2018,-0.971,1.2537,1.1878,1.6649,0.9109,0.312,1.0113
S00000292,file_0001,292,1,abnormal,condition_00,sensor_00,-0.0072,0.1969,-0.9958,1.1703,1.1441,-1.6069,0.9342,0.2909,1.0363
S00000293,file_0001,293,1,abnormal,condition_00,sensor_00,0.1289,0.2067,-1.0498,1.2203,1.1004,0.029,0.9574,0.2681,1.0611
S00000294,file_0001,294,1,abnormal,condition_00,sensor_00,0.0122,0.2756,-1.0814,1.2426,1.1441,-3.2429,0.9804,0.2473,1.086
S00000295,file_0001,295,1,abnormal,condition_00,sensor_00,-0.2794,0.5855,-1.1467,0.5197,0.5314,0.847,0.9999,0.2262,1.1066
S00000296,file_0001,296,1,abnormal,condition_00,sensor_00,-0.1628,0.187,-1.1039,0.0692,0.0718,0.029,1.0003,0.2245,1.1083
S00000297,file_0001,297,1,abnormal,condition_00,sensor_00,-0.2405,0.2067,-1.1039,0.047,0.0718,-4.8788,0.9999,0.2245,1.1092
S00000298,file_0001,298,1,abnormal,condition_00,sensor_00,-0.1628,0.1575,-1.0814,0.0359,0.0499,0.029,0.9993,0.2245,1.1092
S00000299,file_0001,299,1,abnormal,condition_00,sensor_00,-0.1628,0.2362,-1.0971,0.047,0.0499,0.847,0.9997,0.2321,1.1144
